{
	"miniprogramRoot": "miniprogram/",
	"setting": {
		"urlCheck": false,
		"es6": true,
		"enhance": true,
		"postcss": true,
		"minified": true,
		"newFeature": true,
		"coverView": true,
		"autoAudits": false,
		"checkInvalidKey": true,
		"checkSiteMap": true,
		"uploadWithSourceMap": true,
		"babelSetting": {
			"ignore": [],
			"disablePlugins": [],
			"outputPath": ""
		}
	},
	"appid": "wx2f09b53436c31f02",
	"projectname": "PUFsFileMangement",
	"libVersion": "2.8.1",
	"simulatorType": "wechat",
	"simulatorPluginLibVersion": {},
	"compileType": "miniprogram",
	"condition": {
		"search": {
			"current": -1,
			"list": []
		},
		"conversation": {
			"current": -1,
			"list": []
		},
		"plugin": {
			"current": -1,
			"list": []
		},
		"game": {
			"list": []
		},
		"miniprogram": {
			"current": 14,
			"list": [
				{
					"id": -1,
					"name": "db guide",
					"pathName": "pages/databaseGuide/databaseGuide",
					"query": ""
				},
				{
					"id": -1,
					"name": "pages/service/service1",
					"pathName": "pages/service/service1",
					"query": "",
					"scene": null
				},
				{
					"id": 2,
					"name": "pages/service/server2/server2",
					"pathName": "pages/service/server2/server2",
					"query": "",
					"scene": null
				},
				{
					"id": 3,
					"name": "pages/service/servive3/service3",
					"pathName": "pages/service/service3/service3",
					"query": "",
					"scene": null
				},
				{
					"id": 4,
					"name": "pages/service/service3/service3",
					"pathName": "pages/service/service3/service3",
					"query": "",
					"scene": 1044,
					"shareInfo": {
						"groupName": "测试模拟群1",
						"shareName": "o8GHpB-I6s6InlabJCCLlIkdX1Zx3nSepyuRSR1ylP4@cr4dev",
						"shareKey": "kw9nc4BvIzXQKiQ6lk8a3Spl30Nn9llY-E23FWowryTRwgr09xJUJKdC4xjefsmy50OACjiCjkedT6Jx-1Du1Q~~"
					}
				},
				{
					"id": -1,
					"name": "pages/service/service4/service4",
					"pathName": "pages/service/service4/service4",
					"query": "",
					"scene": null
				},
				{
					"id": -1,
					"name": "pages/service/service5/service5",
					"pathName": "pages/service/service5/service5",
					"query": "",
					"scene": null
				},
				{
					"id": -1,
					"name": "pages/service/service6/service6",
					"pathName": "pages/service/service6/service6",
					"query": "",
					"scene": null
				},
				{
					"id": -1,
					"name": "pages/service/service7/service7",
					"pathName": "pages/service/service7/service7",
					"query": "",
					"scene": null
				},
				{
					"id": 9,
					"name": "pages/service/service8/service8",
					"pathName": "pages/service/service8/service8",
					"query": "",
					"scene": null
				},
				{
					"id": -1,
					"name": "pages/service/service9/service9",
					"pathName": "pages/service/service9/service9",
					"query": "",
					"scene": null
				},
				{
					"id": -1,
					"name": "pages/service/service10/service10",
					"pathName": "pages/service/service10/service10",
					"query": "",
					"scene": null
				},
				{
					"id": -1,
					"name": "pages/service/service11/service11",
					"pathName": "pages/service/service11/service11",
					"query": "",
					"scene": null
				},
				{
					"id": -1,
					"name": "pages/service/service12/service12",
					"pathName": "pages/service/service12/service12",
					"query": "",
					"scene": null
				},
				{
					"id": 14,
					"name": "pages/service/service12/service12-2",
					"pathName": "pages/service/service12/service12-2",
					"query": "",
					"scene": null
				}
			]
		}
	}
}